NC_006853.1	169	.	A	G	225.417	.	DP=30;VDB=0.981029;SGB=-0.692352;MQSBZ=0;MQ0F=0;AC=1;AN=1;DP4=0,0,14,7;MQ=60	GT:PL:AD	1:255,0:0,21
NC_006853.1	215	.	TCCCCCC	TCCCCCCC	128.863	.	INDEL;IDV=18;IMF=0.580645;DP=31;VDB=0.0389877;SGB=-0.690438;RPBZ=-3.64991;MQBZ=0;MQSBZ=0;BQBZ=-1.50852;SCBZ=-1.44277;MQ0F=0;AC=1;AN=1;DP4=8,2,8,9;MQ=60	GT:PL:AD	1:182,26:10,17
NC_006853.1	363	.	C	G	70.8787	.	DP=12;VDB=0.966939;SGB=-0.651104;RPBZ=-0.408248;MQBZ=0;MQSBZ=0;BQBZ=0.616591;SCBZ=-0.908295;MQ0F=0;AC=1;AN=1;DP4=1,2,2,6;MQ=60	GT:PL:AD	1:124,26:3,8
NC_006853.1	583	.	ACCCC	ACCCCC	228.38	.	INDEL;IDV=45;IMF=0.9;DP=50;VDB=0.0244789;SGB=-0.693146;RPBZ=-2.28214;MQBZ=0;MQSBZ=0;BQBZ=-1.53492;SCBZ=0;MQ0F=0;AC=1;AN=1;DP4=2,1,26,18;MQ=60	GT:PL:AD	1:255,0:3,44
NC_006853.1	3559	.	G	A	228.276	.	DP=55;VDB=0.3477;SGB=-0.693147;RPBZ=1.20601;MQBZ=0;MQSBZ=0;BQBZ=-0.686028;SCBZ=0.252646;MQ0F=0;AC=1;AN=1;DP4=1,2,20,27;MQ=60	GT:PL:AD	1:255,0:3,47
NC_006853.1	3560	.	G	C	225.417	.	DP=56;VDB=0.455228;SGB=-0.693147;MQSBZ=0;MQ0F=0;AC=1;AN=1;DP4=0,0,22,29;MQ=60	GT:PL:AD	1:255,0:0,51
NC_006853.1	4497	.	G	C	225.421	.	DP=66;VDB=0.0869936;SGB=-0.693147;MQSBZ=0;MQ0F=0;AC=1;AN=1;DP4=0,0,23,23;MQ=60	GT:PL:AD	1:255,0:0,45
NC_006853.1	4537	.	G	A	225.417	.	DP=70;VDB=0.211098;SGB=-0.693147;MQSBZ=0;MQ0F=0;AC=1;AN=1;DP4=0,0,24,29;MQ=60	GT:PL:AD	1:255,0:0,53
NC_006853.1	5718	.	G	A	225.417	.	DP=57;VDB=0.0246134;SGB=-0.693146;MQSBZ=0;MQ0F=0;AC=1;AN=1;DP4=0,0,17,27;MQ=60	GT:PL:AD	1:255,0:0,44
NC_006853.1	5754	.	A	G	225.417	.	DP=59;VDB=0.101861;SGB=-0.693147;MQSBZ=0;MQ0F=0;AC=1;AN=1;DP4=0,0,21,24;MQ=60	GT:PL:AD	1:255,0:0,45
NC_006853.1	5853	.	C	T	225.417	.	DP=51;VDB=0.705269;SGB=-0.693145;MQSBZ=0;MQ0F=0;AC=1;AN=1;DP4=0,0,29,12;MQ=60	GT:PL:AD	1:255,0:0,41
NC_006853.1	7994	.	G	A	225.421	.	DP=33;VDB=0.967533;SGB=-0.693021;MQSBZ=0;MQ0F=0;AC=1;AN=1;DP4=0,0,18,9;MQ=60	GT:PL:AD	1:255,0:0,26
NC_006853.1	11233	.	G	A	225.417	.	DP=59;VDB=0.379435;SGB=-0.693146;MQSBZ=0;MQ0F=0;AC=1;AN=1;DP4=0,0,20,24;MQ=60	GT:PL:AD	1:255,0:0,44
NC_006853.1	12158	.	C	T	225.417	.	DP=51;VDB=0.47559;SGB=-0.693144;MQSBZ=0;MQ0F=0;AC=1;AN=1;DP4=0,0,23,16;MQ=60	GT:PL:AD	1:255,0:0,39
NC_006853.1	15510	.	T	C	225.417	.	DP=47;VDB=0.62955;SGB=-0.693145;MQSBZ=0;MQ0F=0;AC=1;AN=1;DP4=0,0,20,20;MQ=60	GT:PL:AD	1:255,0:0,40
NC_006853.1	16042	.	C	T	228.401	.	DP=42;VDB=0.0741867;SGB=-0.693127;RPBZ=-1.68454;MQBZ=0;MQSBZ=0;BQBZ=1.71668;SCBZ=0;MQ0F=0;AC=1;AN=1;DP4=0,1,13,20;MQ=60	GT:PL:AD	1:255,0:1,33
NC_006853.1	16093	.	A	G	228.351	.	DP=39;VDB=0.997337;SGB=-0.693054;RPBZ=0.838003;MQBZ=5.2915;MQSBZ=1.3784;BQBZ=-1.38878;SCBZ=-5.2915;MQ0F=0;AC=1;AN=1;DP4=1,0,9,19;MQ=59	GT:PL:AD	1:255,0:1,28
NC_006853.1	16127	.	C	T	225.422	.	DP=31;VDB=0.103568;SGB=-0.692831;MQSBZ=0;MQ0F=0;AC=1;AN=1;DP4=0,0,9,15;MQ=60	GT:PL:AD	1:255,0:0,23
